label,score
negative,0.6263059377670288
neutral,0.35335659980773926
positive,0.020337507128715515
